{
  "model": "Bose_Hubbard_sonic",
  "version": "v2_traceless",
  "correction": "W=dn_0, V=dn_1 (centered, traceless). Fixes Omega>1 from v1.",
  "n_max": 2,
  "J0": 1.0,
  "alpha": 0.5,
  "w=0.5_U=1.0": {
    "w": 0.5,
    "U": 1.0,
    "kappa_sonic": 1.0,
    "data": {
      "4": {
        "omega": 0.46539501987904774,
        "C0": 0.44444444444444425,
        "D_MAX": 20,
        "time_s": 0.0,
        "J_profile": [
          0.500335,
          0.517986,
          1.0
        ],
        "C_first5": [
          0.4444444444,
          0.3365085176,
          0.1909027779,
          0.1544256344,
          0.132873767
        ],
        "C_last5": [
          0.1914085359,
          0.2073147397,
          0.1933133111,
          0.2157461218,
          0.2220759513
        ],
        "Tr_W": 0.0,
        "Tr_V": 0.0,
        "complete": true
      },
      "6": {
        "omega": 0.2948957850379242,
        "C0": 0.44444444444444475,
        "D_MAX": 30,
        "time_s": 2.5,
        "J_profile": [
          0.500006,
          0.500335,
          0.517986,
          1.0,
          1.482014
        ],
        "C_first5": [
          0.4444444444,
          0.336654376,
          0.189585129,
          0.1390440222,
          0.1187831169
        ],
        "C_last5": [
          0.1296172315,
          0.1280494072,
          0.1298601066,
          0.1300054248,
          0.1311667789
        ],
        "Tr_W": 0.0,
        "Tr_V": 0.0,
        "complete": true
      },
      "8": {
        "omega": 0.22389999750992576,
        "C0": 0.44444444444444714,
        "D_MAX": 40,
        "time_s": 1860.6,
        "J_profile": [
          0.5,
          0.500006,
          0.500335,
          0.517986,
          1.0,
          1.482014,
          1.499665
        ],
        "C_first5": [
          0.4444444444,
          0.3366611711,
          0.1896800728,
          0.1408039317,
          0.1226886387
        ],
        "C_last5": [
          0.0991934451,
          0.0993342936,
          0.0990871846,
          0.0991196599,
          0.0986287789
        ],
        "Tr_W": 0.0,
        "Tr_V": 0.0,
        "complete": true
      },
      "10": {
        "omega": 0.1810635272693888,
        "C0": 0.44589703959163546,
        "D_MAX": 50,
        "time_s": 3179.3,
        "method": "krylov_typicality",
        "n_typ": 6,
        "J_profile": [
          0.5,
          0.5,
          0.500006,
          0.500335,
          0.517986,
          1.0,
          1.482014,
          1.499665,
          1.499994
        ],
        "C_first5": [
          0.4458970396,
          0.3371183988,
          0.1892043665,
          0.1399148295,
          0.1220160871
        ],
        "C_last5": [
          0.0805785891,
          0.0802732646,
          0.0809279289,
          0.0806403377,
          0.0806166596
        ],
        "complete": true
      }
    },
    "fit": {
      "c": 1.5452432594776144,
      "c_err": 0.1113075966092255,
      "A": 0.13911986838515916,
      "R2": 0.9907283581743858
    },
    "scrambles": true,
    "monotonic": true,
    "complete": true
  },
  "w=1.0_U=1.0": {
    "w": 1.0,
    "U": 1.0,
    "kappa_sonic": 0.5,
    "data": {
      "4": {
        "omega": 0.4304051387137823,
        "C0": 0.44444444444444464,
        "D_MAX": 20,
        "time_s": 0.0,
        "J_profile": [
          0.517986,
          0.619203,
          1.0
        ],
        "C_first5": [
          0.4444444444,
          0.3279691301,
          0.1872294137,
          0.1528125895,
          0.1410831031
        ],
        "C_last5": [
          0.1898071792,
          0.1846372587,
          0.1941234945,
          0.2005379411,
          0.1652449792
        ],
        "Tr_W": 0.0,
        "Tr_V": 0.0,
        "complete": true
      },
      "6": {
        "omega": 0.2933867414486503,
        "C0": 0.4444444444444447,
        "D_MAX": 30,
        "time_s": 2.6,
        "J_profile": [
          0.502473,
          0.517986,
          0.619203,
          1.0,
          1.380797
        ],
        "C_first5": [
          0.4444444444,
          0.3354219134,
          0.1885684146,
          0.1413043484,
          0.1221600585
        ],
        "C_last5": [
          0.1283435207,
          0.1284045413,
          0.1308537455,
          0.1329037694,
          0.1307745754
        ],
        "Tr_W": 0.0,
        "Tr_V": 0.0,
        "complete": true
      },
      "8": {
        "omega": 0.22394962771080987,
        "C0": 0.4444444444444465,
        "D_MAX": 40,
        "time_s": 1829.0,
        "J_profile": [
          0.500335,
          0.502473,
          0.517986,
          0.619203,
          1.0,
          1.380797,
          1.482014
        ],
        "C_first5": [
          0.4444444444,
          0.3364923923,
          0.1895114508,
          0.1407203237,
          0.1218194805
        ],
        "C_last5": [
          0.0990643444,
          0.0988953406,
          0.0986065637,
          0.0989425702,
          0.0995531676
        ],
        "Tr_W": 0.0,
        "Tr_V": 0.0,
        "complete": true
      },
      "10": {
        "omega": 0.18073502936030664,
        "C0": 0.44589703959163546,
        "D_MAX": 50,
        "time_s": 3150.4,
        "method": "krylov_typicality",
        "n_typ": 6,
        "J_profile": [
          0.500045,
          0.500335,
          0.502473,
          0.517986,
          0.619203,
          1.0,
          1.380797,
          1.482014,
          1.497527
        ],
        "C_first5": [
          0.4458970396,
          0.337095481,
          0.189168273,
          0.1399096615,
          0.1216435441
        ],
        "C_last5": [
          0.0799364139,
          0.0795675535,
          0.0804595234,
          0.0802345405,
          0.0806400208
        ],
        "complete": true
      }
    },
    "fit": {
      "c": 1.3646719428490233,
      "c_err": 0.04718902979626349,
      "A": 0.2022626354401551,
      "R2": 0.9977982662335174
    },
    "scrambles": true,
    "monotonic": true,
    "complete": true
  },
  "w=2.0_U=1.0": {
    "w": 2.0,
    "U": 1.0,
    "kappa_sonic": 0.25,
    "data": {
      "4": {
        "omega": 0.40980902275112846,
        "C0": 0.44444444444444464,
        "D_MAX": 20,
        "time_s": 0.1,
        "J_profile": [
          0.619203,
          0.768941,
          1.0
        ],
        "C_first5": [
          0.4444444444,
          0.2951086586,
          0.1759437384,
          0.1722310479,
          0.1786346691
        ],
        "C_last5": [
          0.1917176518,
          0.1653471253,
          0.1560064365,
          0.190084626,
          0.1974382065
        ],
        "Tr_W": 0.0,
        "Tr_V": 0.0,
        "complete": true
      },
      "6": {
        "omega": 0.28512264436750123,
        "C0": 0.4444444444444452,
        "D_MAX": 30,
        "time_s": 2.7,
        "J_profile": [
          0.547426,
          0.619203,
          0.768941,
          1.0,
          1.231059
        ],
        "C_first5": [
          0.4444444444,
          0.32011049,
          0.1792354601,
          0.1447001569,
          0.1511439281
        ],
        "C_last5": [
          0.1266842887,
          0.1245800638,
          0.1209061494,
          0.1278331091,
          0.1298098173
        ],
        "Tr_W": 0.0,
        "Tr_V": 0.0,
        "complete": true
      },
      "8": {
        "omega": 0.22574838892259858,
        "C0": 0.4444444444444471,
        "D_MAX": 40,
        "time_s": 1970.4,