{
  "model": "SYK_static_full",
  "note": "5 temperatures consolidated from Tarea F + Tarea G. Paper 5 material. NOT Floquet.",
  "H_description": "H = sum_{i<j} sum_{a,b in {X,Y,Z}} J_{ij}^{ab} sigma_a^i sigma_b^j / sqrt(N), J ~ U(-1,1)/sqrt(N)",
  "N_values": [
    4,
    6,
    8,
    10
  ],
  "seeds": "42-51 (10 seeds per point)",
  "D_MAX_rule": "5N",
  "best_fit": {
    "form": "c = a * ln(T) + b",
    "a": 0.8860038877240997,
    "a_err": 0.028993638033699632,
    "b": 1.9892727092454303,
    "b_err": 0.01576061065814653,
    "R2": 0.9969940732616552,
    "chi2": 0.21655153424590845,
    "AIC": 4.216551534245909
  },
  "beta=0.25": {
    "beta": 0.25,
    "T": 4.0,
    "kappa": 25.132741228718345,
    "data": {
      "4": {
        "omega_mean": 0.0718519945363378,
        "omega_std": 0.01826602475897041,
        "omega_per_seed": [
          0.11548629539531398,
          0.07121737183163447,
          0.06245136165696588,
          0.0665018924529706,
          0.05811332189858178,
          0.062175636577099146,
          0.0476776684651718,
          0.08042726872301591,
          0.06464755406872902,
          0.08982157429389524
        ],
        "n_seeds": 10,
        "D_MAX": 20,
        "complete": true
      },
      "6": {
        "omega_mean": 0.022915053358637513,
        "omega_std": 0.0031472520491115743,
        "omega_per_seed": [
          0.021570355439528458,
          0.02033404054559791,
          0.02159966299080497,
          0.023676494890117517,
          0.02205012160837434,
          0.02415974446596626,
          0.0185189390795951,
          0.025820289776135104,
          0.030324555957563056,
          0.02109632883269243
        ],
        "n_seeds": 10,
        "D_MAX": 30,
        "complete": true
      },
      "8": {
        "omega_mean": 0.007058940570294653,
        "omega_std": 0.001074782220188785,
        "omega_per_seed": [
          0.006297742502538671,
          0.008048377248045186,
          0.006469063982592245,
          0.009707741348454112,
          0.006054439074201995,
          0.006833783932258986,
          0.006257038771968385,
          0.0062059857132124654,
          0.0072567481592451496,
          0.007458484970429329
        ],
        "n_seeds": 10,
        "D_MAX": 40,
        "complete": true
      },
      "10": {
        "omega_mean": 0.0024337334564516664,
        "omega_std": 0.0005297533499535259,
        "omega_per_seed": [
          0.0037594011607317004,
          0.002526257656970073,
          0.001966713850225135,
          0.002212124062560918,
          0.0024811482840421594,
          0.002107862309858492,
          0.0020023928658743423,
          0.0025116680104733734,
          0.0028685520373376142,
          0.0019012143264428556
        ],
        "n_seeds": 10,
        "D_MAX": 50,
        "complete": true
      }
    },
    "fit": {
      "c": 3.1717775648138624,
      "c_err": 0.20534107122250048,
      "A": 0.158408151484983,
      "R2": 0.9969956758384383,
      "monotonic": true
    },
    "complete": true
  },
  "beta=0.5": {
    "beta": 0.5,
    "T": 2.0,
    "kappa": 12.566370614359172,
    "data": {
      "4": {
        "omega_mean": 0.08199368537116031,
        "omega_std": 0.020828754224624497,
        "omega_per_seed": [
          0.13267374936182108,
          0.07680235541020092,
          0.08371981211224432,
          0.08099762665790657,
          0.07720314643532591,
          0.054805351652521705,
          0.060691856685870064,
          0.08774243287970533,
          0.06701142106101428,
          0.09828910145499294
        ],
        "n_seeds": 10,
        "D_MAX": 20,
        "complete": true
      },
      "6": {
        "omega_mean": 0.03205882827362346,
        "omega_std": 0.003481131956429085,
        "omega_per_seed": [
          0.030862858914470045,
          0.03430697756115684,
          0.031065664976721623,
          0.03144025870146752,
          0.030064758416414785,
          0.03215016533493106,
          0.027338907134541873,
          0.035214552271281244,
          0.03994582867335742,
          0.02819831075189215
        ],
        "n_seeds": 10,
        "D_MAX": 30,
        "complete": true
      },
      "8": {
        "omega_mean": 0.012669222120885887,
        "omega_std": 0.0019728432008004853,
        "omega_per_seed": [
          0.01137907598482103,
          0.016749021111047355,
          0.013404706063217472,
          0.015515131630947818,
          0.011041385381596243,
          0.012576902125602458,
          0.010294412266076273,
          0.010996386503641575,
          0.012956370198377046,
          0.01177882994353159
        ],
        "n_seeds": 10,
        "D_MAX": 40,
        "complete": true
      },
      "10": {
        "omega_mean": 0.0054434722484836846,
        "omega_std": 0.0021783179227170507,
        "omega_per_seed": [
          0.0108944444218648,
          0.006628058423762025,
          0.0036506113709546453,
          0.00399939519426544,
          0.006986335080155262,
          0.0045157600907952886,
          0.0035173512927044017,
          0.004611088380107194,
          0.005956652840545095,
          0.003675025389682687
        ],
        "n_seeds": 10,
        "D_MAX": 50,
        "complete": true
      }
    },
    "fit": {
      "c": 2.6653675925808646,
      "c_err": 0.1677468315853672,
      "A": 0.27649306703157794,
      "R2": 0.9962736732325159,
      "monotonic": true
    },
    "complete": true
  },
  "beta=1.0": {
    "beta": 1.0,
    "T": 1.0,
    "kappa": 6.283185307179586,
    "data": {
      "4": {
        "omega_mean": 0.0975338317687284,
        "omega_std": 0.025829644332361745,
        "omega_per_seed": [
          0.15596306855298203,
          0.08870964057713676,
          0.10958324290624362,
          0.10478781833655752,
          0.11151748177229914,
          0.05625984452951447,
          0.07385389896669484,
          0.09522317583391986,
          0.07567048085535381,
          0.10376966535658205
        ],
        "n_seeds": 10,
        "D_MAX": 20,
        "complete": true
      },
      "6": {
        "omega_mean": 0.04672269950942197,
        "omega_std": 0.007932436920757301,
        "omega_per_seed": [
          0.04140291418092058,
          0.058537178316708766,
          0.04740391499975081,
          0.035956840934628545,
          0.05327454114036571,
          0.041894003127105166,
          0.04440566683537347,
          0.053127392855697404,
          0.05633346503592887,
          0.03489107766774034
        ],
        "n_seeds": 10,
        "D_MAX": 30,
        "complete": true
      },
      "8": {
        "omega_mean": 0.02832309722029927,
        "omega_std": 0.008389021437479133,
        "omega_per_seed": [
          0.020523982127614138,
          0.04439682800947195,
          0.034446034091653595,
          0.04110837700528032,
          0.019974447147097528,
          0.029683409740102917,
          0.021708999721152096,
          0.02184487167951198,
          0.024021167804998533,
          0.025522854876109596
        ],
        "n_seeds": 10,
        "D_MAX": 40,
        "complete": true
      },
      "10": {
        "omega_mean": 0.014824691504035235,
        "omega_std": 0.008862417676365099,
        "omega_per_seed": [
          0.03823198944098608,
          0.019503528975667733,
          0.00781990324297751,
          0.009265268673701914,
          0.020042343930113515,
          0.012583762676717358,
          0.007513775142492186,
          0.0103267390529224,
          0.013397327408254132,
          0.009562276496519506
        ],
        "n_seeds": 10,
        "D_MAX": 50,
        "complete": true
      }
    },
    "fit": {
      "c": 1.9840884610888712,
      "c_err": 0.08255562423157121,
      "A": 0.5895070191739066,
      "R2": 0.9976816956990372,
      "monotonic": true
    },
    "complete": true
  },
  "beta=1.5": {
    "beta": 1.5,
    "T": 0.6666666666666666,